Feature,Processed_Value,SHAP_Value,Absolute_SHAP
numerical__credit_score,-0.6140698763868473,0.041555346522737256,0.041555346522737256
numerical__existing_loans,-1.2105738195711044,-0.02923682547967469,0.02923682547967469
numerical__risk_indicator_count,-0.962573386897536,-0.029086668137023437,0.029086668137023437
numerical__employment_years,0.5869345058984685,-0.024950552535710276,0.024950552535710276
numerical__loan_credit_score_ratio,-1.00964861870509,-0.01957377199686902,0.01957377199686902
numerical__loan_to_income_ratio,-0.842454215733938,-0.017568235789987348,0.017568235789987348
numerical__high_dti,-0.6114427776230591,-0.012926826402935639,0.012926826402935639
numerical__late_payment_rate,1.8748999790168368,-0.008664069783840243,0.008664069783840243
numerical__debt_to_income,0.008834142082419134,-0.006946810193401656,0.006946810193401656
numerical__loan_term_months,0.6231765314555338,-0.0067415357528647375,0.0067415357528647375
numerical__payment_burden_indicator,-0.6981775891704424,-0.006088323420037955,0.006088323420037955
numerical__low_credit_score,-0.37558493342966986,-0.005803094303607577,0.005803094303607577
categorical__loan_purpose_Debt Consolidation,1.0,-0.004927152870903627,0.004927152870903627
numerical__late_payments,0.7226961925031149,0.004758635085721299,0.004758635085721299
numerical__multiple_existing_loans,-0.48097561310659304,-0.0038209488098731267,0.0038209488098731267
numerical__age,0.3547772025365041,0.0034922851304511654,0.0034922851304511654
numerical__has_late_payments,0.6587478548979694,0.002737777157607171,0.002737777157607171
numerical__income,-0.15621372980497372,-0.0026810596158993055,0.0026810596158993055
numerical__log_loan_amount,-1.7363482320504646,0.0023028352762267655,0.0023028352762267655
numerical__loan_amount,-1.0336602740620118,0.0019327870094606107,0.0019327870094606107
categorical__home_ownership_Mortgage,1.0,-0.0013095134126983664,0.0013095134126983664
categorical__loan_purpose_Home Improvement,0.0,-0.0007742029682396574,0.0007742029682396574
categorical__loan_purpose_Vehicle,0.0,-0.0007684130172467422,0.0007684130172467422
categorical__home_ownership_Rent,0.0,-0.0007027453955209362,0.0007027453955209362
categorical__loan_purpose_Medical,0.0,-0.0004865684703032214,0.0004865684703032214
categorical__loan_purpose_Education,0.0,0.00039962256325920905,0.00039962256325920905
numerical__credit_history_age_ratio,-0.6290027266575928,-0.0003525549444372828,0.0003525549444372828
numerical__log_income,0.07094052367806693,0.0003455491313512572,0.0003455491313512572
categorical__loan_purpose_Other,0.0,0.00033036951646497084,0.00033036951646497084
numerical__high_loan_burden,-1.3017334350800815,-0.00018214596018048437,0.00018214596018048437
categorical__home_ownership_Own,0.0,0.0001295428019135925,0.0001295428019135925
numerical__credit_history_years,-0.5450745214644573,-9.306339288807575e-05,9.306339288807575e-05
