Feature,Importance
numerical__debt_to_income,0.11008499628942528
numerical__credit_score,0.10040395956550734
numerical__employment_years,0.06407807074046706
numerical__payment_burden_indicator,0.0556851883317956
numerical__loan_credit_score_ratio,0.053635686715020794
numerical__log_income,0.053082021449916125
numerical__loan_to_income_ratio,0.05266222087445231
numerical__credit_history_age_ratio,0.05250815826683932
numerical__income,0.0523216025466264
numerical__credit_history_years,0.05020335112732055
numerical__loan_amount,0.049053176455914796
numerical__log_loan_amount,0.04683905132644817
numerical__age,0.046639312944245476
numerical__risk_indicator_count,0.0335860007658851
numerical__high_dti,0.028825775657138484
numerical__late_payment_rate,0.022341375082712722
numerical__existing_loans,0.021675328551489858
numerical__loan_term_months,0.021086919249109395
numerical__late_payments,0.014090795341398036
numerical__low_credit_score,0.011042271410615005
categorical__home_ownership_Mortgage,0.0074658614778289395
categorical__home_ownership_Rent,0.006943670554989789
categorical__loan_purpose_Debt Consolidation,0.006539929250988013
categorical__home_ownership_Own,0.0054062621208142555
categorical__loan_purpose_Vehicle,0.005154265860792243
numerical__multiple_existing_loans,0.005129814695056568
numerical__has_late_payments,0.004877982971808864
categorical__loan_purpose_Home Improvement,0.004851736032086957
categorical__loan_purpose_Education,0.003946853773317592
categorical__loan_purpose_Other,0.003691518929428119
categorical__loan_purpose_Medical,0.003138297734174158
numerical__high_loan_burden,0.003008543906386621
