Feature,Mean_Absolute_SHAP
numerical__debt_to_income,0.042699242133133655
numerical__credit_score,0.039915263506767676
numerical__employment_years,0.02833359227782371
numerical__high_dti,0.02357483927730272
numerical__risk_indicator_count,0.020278322993338913
numerical__existing_loans,0.01327517953378764
numerical__loan_credit_score_ratio,0.011860493022442254
numerical__loan_to_income_ratio,0.008330247906218224
numerical__low_credit_score,0.008119533713565979
numerical__payment_burden_indicator,0.007208589906772226
numerical__income,0.006936987013557723
numerical__age,0.006883912408117316
numerical__log_income,0.006532261332020622
numerical__log_loan_amount,0.006365690149039447
numerical__credit_history_years,0.00624645502460072
numerical__credit_history_age_ratio,0.00618833983512438
numerical__loan_amount,0.005997484484714639
numerical__late_payment_rate,0.005619862880816874
numerical__late_payments,0.00418812671705249
numerical__has_late_payments,0.0038867659718330306
numerical__loan_term_months,0.0036514578588875126
numerical__multiple_existing_loans,0.00302923020970745
categorical__home_ownership_Rent,0.0015053949199038369
categorical__home_ownership_Mortgage,0.0012982710149964584
categorical__loan_purpose_Debt Consolidation,0.0012373600410900873
categorical__loan_purpose_Vehicle,0.0010477489939335976
categorical__home_ownership_Own,0.0009278216943553129
numerical__high_loan_burden,0.0008593122320674551
categorical__loan_purpose_Education,0.0008317729080044122
categorical__loan_purpose_Home Improvement,0.000819386738489617
categorical__loan_purpose_Other,0.0007565909216328011
categorical__loan_purpose_Medical,0.0005411241042021357
